type,text,sentiment,topic,score,date
post,Discord for grad level courses?. [removed],Neutral,Discord usage in grad level courses.,1,2023-08-31
post,GAMEDAY!!!!!!!!!! (WEEK 1 vs. loserville). [removed],Positive,Sports/Football.,1,2023-09-01
post,GAMEDAY!!!!!!! (Week 1 vs. Louisville). [removed],Neutral,Sports (football).,1,2023-09-01
post,"Gameday Announcement (Week 1 vs. loserville). # IIIIIIIIIIIIIIIIIIIIIIIIIIIIIIIIIITTTTTTTTTTTTTT'SSSSSSSS

# GAMEDAY!!!!!!!!!!!!!!!!!!!!!!!!!!!!!!!!!!!!!!!!!!!!!!!!

""This is where the fun begins!""

After three years and change of unfulfilled promise and potential followed by 2/3 of a season in which the team looked much better, we finally [got the Key!](https://drive.google.com/file/d/1vS_M-eZxMf_xRDrFBo33VVfJvNfvSte_/view?usp=drive_link)

And in his first season as a full-time head coach he's opening up in the Benz against Louisville.

[Let's run them over](https://drive.google.com/file/d/1Phtu-bwb2fFbA5wBX9MtnLwKn2ZN9BoR/view?usp=drive_link)

# GO JACKETS!!!!!!!!!!!!!!!! STING THE CARDINALS!!!!!!!!!!!!!!!!!!!!!!!!!!!!",Positive,Gameday and football.,1,2023-09-01
